Title,Price,Date
POXIMI Women Winter Earmuffs Girl Ski Adjustable Ear Covers for Cute Bow Ear Warmer Outdoor Earmuff Fleece Lining,26.99,2025-02-26
POXIMI Women Winter Earmuffs Girl Ski Adjustable Ear Covers for Cute Bow Ear Warmer Outdoor Earmuff Fleece Lining,26.99,2025-02-26
POXIMI Women Winter Earmuffs Girl Ski Adjustable Ear Covers for Cute Bow Ear Warmer Outdoor Earmuff Fleece Lining,26.99,2025-02-26
POXIMI Women Winter Earmuffs Girl Ski Adjustable Ear Covers for Cute Bow Ear Warmer Outdoor Earmuff Fleece Lining,26.99,2025-02-26
POXIMI Women Winter Earmuffs Girl Ski Adjustable Ear Covers for Cute Bow Ear Warmer Outdoor Earmuff Fleece Lining,26.99,2025-02-26
POXIMI Women Winter Earmuffs Girl Ski Adjustable Ear Covers for Cute Bow Ear Warmer Outdoor Earmuff Fleece Lining,26.99,2025-02-26
POXIMI Women Winter Earmuffs Girl Ski Adjustable Ear Covers for Cute Bow Ear Warmer Outdoor Earmuff Fleece Lining,26.99,2025-02-26
POXIMI Women Winter Earmuffs Girl Ski Adjustable Ear Covers for Cute Bow Ear Warmer Outdoor Earmuff Fleece Lining,26.99,2025-02-26
POXIMI Women Winter Earmuffs Girl Ski Adjustable Ear Covers for Cute Bow Ear Warmer Outdoor Earmuff Fleece Lining,26.99,2025-02-26
POXIMI Women Winter Earmuffs Girl Ski Adjustable Ear Covers for Cute Bow Ear Warmer Outdoor Earmuff Fleece Lining,26.99,2025-02-26
POXIMI Women Winter Earmuffs Girl Ski Adjustable Ear Covers for Cute Bow Ear Warmer Outdoor Earmuff Fleece Lining,26.99,2025-02-26
POXIMI Women Winter Earmuffs Girl Ski Adjustable Ear Covers for Cute Bow Ear Warmer Outdoor Earmuff Fleece Lining,26.99,2025-02-26
POXIMI Women Winter Earmuffs Girl Ski Adjustable Ear Covers for Cute Bow Ear Warmer Outdoor Earmuff Fleece Lining,26.99,2025-02-26
POXIMI Women Winter Earmuffs Girl Ski Adjustable Ear Covers for Cute Bow Ear Warmer Outdoor Earmuff Fleece Lining,26.99,2025-02-26
POXIMI Women Winter Earmuffs Girl Ski Adjustable Ear Covers for Cute Bow Ear Warmer Outdoor Earmuff Fleece Lining,26.99,2025-02-26
POXIMI Women Winter Earmuffs Girl Ski Adjustable Ear Covers for Cute Bow Ear Warmer Outdoor Earmuff Fleece Lining,26.99,2025-02-26
POXIMI Women Winter Earmuffs Girl Ski Adjustable Ear Covers for Cute Bow Ear Warmer Outdoor Earmuff Fleece Lining,26.99,2025-02-26
POXIMI Women Winter Earmuffs Girl Ski Adjustable Ear Covers for Cute Bow Ear Warmer Outdoor Earmuff Fleece Lining,26.99,2025-02-26
POXIMI Women Winter Earmuffs Girl Ski Adjustable Ear Covers for Cute Bow Ear Warmer Outdoor Earmuff Fleece Lining,26.99,2025-02-26
POXIMI Women Winter Earmuffs Girl Ski Adjustable Ear Covers for Cute Bow Ear Warmer Outdoor Earmuff Fleece Lining,26.99,2025-02-26
POXIMI Women Winter Earmuffs Girl Ski Adjustable Ear Covers for Cute Bow Ear Warmer Outdoor Earmuff Fleece Lining,26.99,2025-02-26
POXIMI Women Winter Earmuffs Girl Ski Adjustable Ear Covers for Cute Bow Ear Warmer Outdoor Earmuff Fleece Lining,26.99,2025-02-26
POXIMI Women Winter Earmuffs Girl Ski Adjustable Ear Covers for Cute Bow Ear Warmer Outdoor Earmuff Fleece Lining,26.99,2025-02-26
POXIMI Women Winter Earmuffs Girl Ski Adjustable Ear Covers for Cute Bow Ear Warmer Outdoor Earmuff Fleece Lining,26.99,2025-02-26
POXIMI Women Winter Earmuffs Girl Ski Adjustable Ear Covers for Cute Bow Ear Warmer Outdoor Earmuff Fleece Lining,26.99,2025-02-26
POXIMI Women Winter Earmuffs Girl Ski Adjustable Ear Covers for Cute Bow Ear Warmer Outdoor Earmuff Fleece Lining,26.99,2025-02-26
POXIMI Women Winter Earmuffs Girl Ski Adjustable Ear Covers for Cute Bow Ear Warmer Outdoor Earmuff Fleece Lining,26.99,2025-02-26
POXIMI Women Winter Earmuffs Girl Ski Adjustable Ear Covers for Cute Bow Ear Warmer Outdoor Earmuff Fleece Lining,26.99,2025-02-26
POXIMI Women Winter Earmuffs Girl Ski Adjustable Ear Covers for Cute Bow Ear Warmer Outdoor Earmuff Fleece Lining,26.99,2025-02-26
POXIMI Women Winter Earmuffs Girl Ski Adjustable Ear Covers for Cute Bow Ear Warmer Outdoor Earmuff Fleece Lining,26.99,2025-02-26
POXIMI Women Winter Earmuffs Girl Ski Adjustable Ear Covers for Cute Bow Ear Warmer Outdoor Earmuff Fleece Lining,26.99,2025-02-26
POXIMI Women Winter Earmuffs Girl Ski Adjustable Ear Covers for Cute Bow Ear Warmer Outdoor Earmuff Fleece Lining,26.99,2025-02-26
POXIMI Women Winter Earmuffs Girl Ski Adjustable Ear Covers for Cute Bow Ear Warmer Outdoor Earmuff Fleece Lining,26.99,2025-02-26
POXIMI Women Winter Earmuffs Girl Ski Adjustable Ear Covers for Cute Bow Ear Warmer Outdoor Earmuff Fleece Lining,26.99,2025-02-26
POXIMI Women Winter Earmuffs Girl Ski Adjustable Ear Covers for Cute Bow Ear Warmer Outdoor Earmuff Fleece Lining,26.99,2025-02-26
POXIMI Women Winter Earmuffs Girl Ski Adjustable Ear Covers for Cute Bow Ear Warmer Outdoor Earmuff Fleece Lining,26.99,2025-02-26
POXIMI Women Winter Earmuffs Girl Ski Adjustable Ear Covers for Cute Bow Ear Warmer Outdoor Earmuff Fleece Lining,26.99,2025-02-26
POXIMI Women Winter Earmuffs Girl Ski Adjustable Ear Covers for Cute Bow Ear Warmer Outdoor Earmuff Fleece Lining,26.99,2025-02-26
POXIMI Women Winter Earmuffs Girl Ski Adjustable Ear Covers for Cute Bow Ear Warmer Outdoor Earmuff Fleece Lining,26.99,2025-02-26
POXIMI Women Winter Earmuffs Girl Ski Adjustable Ear Covers for Cute Bow Ear Warmer Outdoor Earmuff Fleece Lining,26.99,2025-02-26
POXIMI Women Winter Earmuffs Girl Ski Adjustable Ear Covers for Cute Bow Ear Warmer Outdoor Earmuff Fleece Lining,26.99,2025-02-26
POXIMI Women Winter Earmuffs Girl Ski Adjustable Ear Covers for Cute Bow Ear Warmer Outdoor Earmuff Fleece Lining,26.99,2025-02-26
POXIMI Women Winter Earmuffs Girl Ski Adjustable Ear Covers for Cute Bow Ear Warmer Outdoor Earmuff Fleece Lining,26.99,2025-02-26
POXIMI Women Winter Earmuffs Girl Ski Adjustable Ear Covers for Cute Bow Ear Warmer Outdoor Earmuff Fleece Lining,26.99,2025-02-26
POXIMI Women Winter Earmuffs Girl Ski Adjustable Ear Covers for Cute Bow Ear Warmer Outdoor Earmuff Fleece Lining,26.99,2025-02-26
POXIMI Women Winter Earmuffs Girl Ski Adjustable Ear Covers for Cute Bow Ear Warmer Outdoor Earmuff Fleece Lining,26.99,2025-02-26
